Name,Type,Language,Genre(s),Runtime
The Snow Spider,Scripted,English,"Drama, Fantasy",30
Snow,Scripted,English,"Comedy, Family",120
Listening Snow Tower,Documentary,English,Drama,60
Snow Bind,Scripted,Chinese,"Drama, Action, History",45
Snow Babies,Scripted,English,Drama,60
Snow Crash,Documentary,English,Nature,60
Snow White,Scripted,English,"Drama, Science-Fiction",60
Snow Flower,Scripted,Korean,"Drama, Comedy, Romance",80
Summer Snow,Scripted,Korean,"Drama, Romance",85
Summer Snow,Scripted,Japanese,"Drama, Romance",85
